"";"Year";"Month";"region";"Period";"Temperature_C";"Rain_mm";"Sunshine_h";"Humidity";"Congestion";"InternetStability";"PowerGridStability";"ParkingSpaceAvailability";"RoadCondition";"PoliticalStability";"AvgHealth";"Criminality";"AirPollution";"WaterQuality";"leisureAndSocialInteractions";"SkilledLaborAvailability";"UnskilledLaborAvailability";"WorkerMotivation";"Overtime";"Inflation";"BusinessConfidence";"FuelPrice"
"1";2018;1;"Shangh";"2018/1";9,96;87,54;161,146;72,425;54,87;287;1,36;0,0166017470165684;5,61;2,8;76,98;37,25;61,96;0,98;7,57;52,05;58,38;6,65;0,171;0,00118461;100,9335;2,518
"2";2018;1;"Peking";"2018/1";-1,816;77,298;25,292;74,254;29,56;2243;1,64;0,0543899642330917;3,48;1,68;82,63;18,5;13,73;0,98;7,4;34,83;79,66;6,16;0,057;-0,00086037;99,2569;2,511
"3";2018;1;"Japan";"2018/1";0,454;41,704;46,646;84,947;58,11;1408;0,26;0,0299029817248362;6,25;2;80;30,71;206,37;0,83;6,66;67,83;51,19;7,54;0;0,00113553;100,9794;2,439
"4";2018;1;"Skorea";"2018/1";-0,133;34,432;41,097;88,196;50,21;54;2,97;0,0375054278237986;2,56;5,3;54,47;51,53;59,94;0,81;6,54;68,65;21,67;7,04;0;0,01321894;101,7447;2,404
"5";2018;1;"Phlppn";"2018/1";12,932;76,766;173,252;82,666;78,34;587;1,91;0,0228775994239993;2,66;2,39;79,49;19,97;66,23;0,68;6,6;37,06;59,17;6,28;0,002;0,00060479;100,4668;2,481
"6";2018;2;"Shangh";"2018/2";15,891;96,25;146,158;74,933;53,45;334;1,21;0,0162023801934889;5,87;2,69;77,8;35,32;68,21;0,79;6,37;51,49;59,98;6,41;0,147;0,00128071;100,9642;2,809
"7";2018;2;"Peking";"2018/2";2,335;55,469;71,202;77,499;34,41;2137;1,72;0,058641799893411;3,28;1,73;82,64;18,08;12,79;0,98;7,69;35,77;79,02;6,25;0,09;-0,00088432;99,2519;2,567
"8";2018;2;"Japan";"2018/2";2,331;31,671;73,653;73,336;40,21;2141;0,24;0,0286518627439179;6,06;1,91;78,71;29,43;204,01;0,92;6,44;68,21;51,4;7,2;0,142;0,00110101;101,0142;2,6
"9";2018;2;"Skorea";"2018/2";-6,008;37,673;64,592;82,418;52,04;56;3,07;0,0332382485691273;2,51;5,17;54,22;50,46;58,05;0,73;6,9;67,76;21,75;6,89;0,078;0,01322441;101,7784;2,362
"10";2018;2;"Phlppn";"2018/2";14,127;66,911;182,32;79,92;66,67;753;2,8;0,0222001306006102;3,31;2,48;78,69;20,61;64,65;0,68;6,91;37,86;60,12;5,94;0,028;0,00047331;100,5243;2,408
"11";2018;3;"Shangh";"2018/3";12,974;48,324;234,7;70,269;55,78;344;1,29;0,0166953658070512;5,68;2,34;78,68;36,02;65,28;0,94;5,95;50,22;61,41;6,04;0,207;0,00129105;101,0036;2,644
"12";2018;3;"Peking";"2018/3";2,837;47,617;132,317;71,743;29,78;2063;1,66;0,0522541379397913;3,82;1,92;82,48;19,86;11,51;0,98;6,94;35,95;79,07;6,51;0;-0,00085543;99,2277;2,544
"13";2018;3;"Japan";"2018/3";4,272;42,952;107,321;68,162;51,83;1399;0,22;0,0305322766846093;6,8;1,52;79,74;30,22;209,74;0,98;6,88;69,97;50,08;6,97;0,198;0,00116324;100,9549;2,355
"14";2018;3;"Skorea";"2018/3";0,648;32,956;108,966;81,025;57,95;70;1,92;0,0313812301371044;2,1;5,16;53,02;51,54;55,99;0,76;7,69;69,76;20,58;6,76;0;0,01321816;101,8479;2,388
"15";2018;3;"Phlppn";"2018/3";10,048;38,443;218,233;78,26;76,07;677;2,58;0,0207480946197213;3,32;2,7;79,15;21,78;58,12;0,64;6,61;37,32;61,04;5,74;0,081;0,00054158;100,6528;2,461
"16";2018;4;"Shangh";"2018/4";12,88;68,116;241,76;73,54;59,3;323;1,69;0,0161622859837939;5,94;2,43;78,45;35,67;61,85;0,88;6,08;48,5;60,31;5,98;0,276;0,00143274;100,9373;2,662
"17";2018;4;"Peking";"2018/4";5,633;36,033;166,449;79,192;29,23;1733;1,66;0,0594873836993179;3,97;1,48;82,52;17,93;10,51;0,98;7,2;37,56;80,51;6,54;0,062;-0,00083774;99,2389;2,372
"18";2018;4;"Japan";"2018/4";9,02;42,559;153,421;61,031;54,16;1589;0,27;0,032787362543811;5,94;1,76;79,67;27,83;232,18;0,94;6,49;71;49,38;6,8;0,214;0,0011542;101,0724;2,442
"19";2018;4;"Skorea";"2018/4";3,731;54,879;182,586;69,773;44,61;62;3,71;0,0337853750775715;2,42;4,98;53,84;50,44;57,27;0,81;7,07;69,45;20,45;6,82;0,205;0,01324901;101,6482;2,368
"20";2018;4;"Phlppn";"2018/4";14,748;21,673;243,125;75,3;76,68;637;2,81;0,0226808889161093;2,5;2,77;80,3;23;59,91;0,8;6;36,96;60,52;6,22;0;0,0004873;100,5846;2,593
"21";2018;5;"Shangh";"2018/5";14,142;55,408;306,884;61,019;57,38;275;1,39;0,0178699205788267;6,8;2,5;79,63;34,5;71,54;0,96;6,28;48,9;60,29;5,71;0,355;0,00142989;100,8561;2,487
"22";2018;5;"Peking";"2018/5";14,251;58,108;219,799;61,687;26,32;1889;1,51;0,0523511748331738;3,73;1,61;83,52;16,71;13,82;0,98;6,96;35,93;79,37;6,5;0,151;-0,00093099;99,3389;2,356
"23";2018;5;"Japan";"2018/5";17,93;51,937;236,284;60,486;43,94;1690;0,23;0,0284395397251039;6,36;1,61;79,7;26,31;216,31;0,95;6,52;71,5;49,23;6,77;0;0,00117702;100,9404;2,44
"24";2018;5;"Skorea";"2018/5";18,15;58,722;266,818;68,03;48,38;76;3,09;0,0325523924731074;2,47;4,9;53,09;50,5;56,4;0,76;6,69;70,47;20,64;6,51;0,19;0,01324351;101,5834;2,496
"25";2018;5;"Phlppn";"2018/5";20,38;7,334;300,341;70,777;85,03;749;2,87;0,0215560574476958;3,44;2,98;82,88;24,7;67,63;0,66;5,86;36,75;61,57;6,56;0,063;0,00045072;100,627;2,517
"26";2018;6;"Shangh";"2018/6";23,078;17,422;328,089;58,829;58,04;308;1,44;0,0174895600261776;6,8;2,64;77,69;33,73;61,82;0,87;6,3;49,22;61,61;5,87;0,281;0,00137624;100,9279;2,327
"27";2018;6;"Peking";"2018/6";16,934;69,152;190,232;76,37;28,59;1817;1,82;0,053710041012081;4,18;1,65;83,38;17,34;13,34;0,94;7,08;35,98;78,17;6,4;0;-0,00090519;99,3903;2,289
"28";2018;6;"Japan";"2018/6";16,421;68,932;230,624;53,818;45,38;1665;0,2;0,0289701926135747;6,07;1,62;77,94;26,69;219,6;0,98;6,64;70,96;49,99;7,18;0,227;0,00120103;100,9249;2,507
"29";2018;6;"Skorea";"2018/6";14,261;69,759;255,52;64,811;50,04;56;3,8;0,0332745852438448;2,52;5;53,78;51,85;51,34;0,81;6,03;71,8;20,54;6,35;0,064;0,01321777;101,3736;2,431
"30";2018;6;"Phlppn";"2018/6";25,906;2,719;337,955;74,871;58,82;575;1,76;0,0222536571254128;3,47;2,88;83,09;24,35;72,18;0,67;7,1;36,54;62,22;6,38;0,141;0,00044153;100,5473;2,363
"31";2018;7;"Shangh";"2018/7";18,638;3,942;348,23;51,192;61,05;304;1,08;0,0178749497555761;6,8;2,56;78,35;33,42;62,66;0,76;7,62;47,72;61,35;5,91;0,151;0,00143604;100,9787;2,446
"32";2018;7;"Peking";"2018/7";16,506;88,063;173,852;76,476;25,96;2275;1,63;0,0564979006498941;4,09;1,29;82,98;16,31;14,03;0,86;7,33;36,02;78,26;6,41;0,026;-0,00089709;99,207;2,38
"33";2018;7;"Japan";"2018/7";18,026;57,407;237,607;58,033;42,68;1889;0,24;0,0311246454212701;6,78;1,7;76,72;27,49;212,89;0,97;7,05;69,67;49,56;6,95;0,061;0,00116799;100,8007;2,727
"34";2018;7;"Skorea";"2018/7";22,523;64,634;261,881;60,719;49,17;68;2,54;0,0340965890297908;2,3;5,11;52,7;51,73;52,35;0,81;6,27;72,11;19,65;6,13;0;0,01326136;101,4367;2,315
"35";2018;7;"Phlppn";"2018/7";28,445;0;383,78;64,737;53,6;624;2,54;0,0228650328703462;3,33;2,78;82,98;23,86;72,85;0,6;7,21;35,98;61,09;5,87;0,148;0,00048496;100,7897;2,433
"36";2018;8;"Shangh";"2018/8";21,662;5,684;312,734;53,573;58,31;292;1,21;0,0180470027852806;6,18;2,33;77,97;33,31;64,18;0,84;5,8;48,61;61,07;6,06;0,139;0,00147306;101,0271;2,494
"37";2018;8;"Peking";"2018/8";13,629;89,989;184,054;86,6;27,56;1989;1,72;0,0597833440032653;3,4;1,48;82,77;14,93;13,46;0,95;7,66;36,72;77,95;6,39;0,126;-0,00083845;99,2156;2,428
"38";2018;8;"Japan";"2018/8";18,418;55,382;203,56;56,473;46,73;1952;0,24;0,0316484103900252;4,92;1,91;76,23;27,58;219,95;0,91;6,84;70,18;48,58;6,7;0;0,00112134;100,8232;2,601
"39";2018;8;"Skorea";"2018/8";19,148;57,257;232,487;65,228;42,22;70;3,11;0,0315815531506179;2,24;4,99;53,84;50,39;55,96;0,81;6,35;71,64;19,96;5,74;0,006;0,01328701;101,6105;2,404
"40";2018;8;"Phlppn";"2018/8";23,597;7,254;353,647;79,166;59,02;663;2,58;0,0222457860198313;2,79;2,44;82,82;24,04;62,36;0,75;6,7;34,44;61,55;5,64;0;0,00047835;100,6567;2,535
"41";2018;9;"Shangh";"2018/9";21,087;34,17;272,847;54,242;58,42;356;1,21;0,0160869019598448;5,13;2,34;78,58;34,25;66,4;0,94;6,73;49,08;60,78;5,57;0,007;0,00149562;101,0044;2,484
"42";2018;9;"Peking";"2018/9";8,797;97,451;108,864;77,943;33,51;1699;1,3;0,0517125067296399;3,91;1,25;84,88;15,78;13,35;0,97;6,73;36,4;78,33;6,09;0;-0,0008457;99,2226;2,459
"43";2018;9;"Japan";"2018/9";17,117;43,755;142,484;71,41;42,27;1568;0,22;0,0308410777951267;6,8;2,1;77,61;26,51;230,73;0,9;6,81;69,29;49,01;6,6;0,141;0,00114275;100,788;2,428
"44";2018;9;"Skorea";"2018/9";13,105;46,524;208,59;73,915;55,88;56;3,08;0,0348720731248337;2,64;5,04;54,7;49,86;54,05;0,69;6,7;72,46;21;5,03;0;0,0132895;101,7198;2,524
"45";2018;9;"Phlppn";"2018/9";24,171;40,641;262,036;82,564;71,02;665;2,48;0,0218142402726164;3,34;2,28;82,28;22,43;82,34;0,62;6,58;33,77;61,65;5,83;0;0,00051953;100,6243;2,482
"46";2018;10;"Shangh";"2018/10";13,058;87,356;235,586;70,051;50,95;310;1,03;0,0170314598810659;6,8;2,43;78,74;31,13;69,88;0,86;7,49;47,51;60,89;5,17;0,311;0,00147533;100,9375;2,441
"47";2018;10;"Peking";"2018/10";3,979;79,713;60,47;86,023;27,8;1666;1,43;0,0545529291439871;2,85;1,25;86,41;14,54;13,97;0,9;7,56;39,16;77,94;6,41;0;-0,00083075;99,2494;2,583
"48";2018;10;"Japan";"2018/10";7,277;42,338;104,89;70,958;37,42;1721;0,24;0,0294125393803098;5,86;2,18;77,37;26,46;202,31;0,77;6,91;68,77;49,66;6,47;0,18;0,00106983;100,8708;2,429
"49";2018;10;"Skorea";"2018/10";8,432;35,54;120,349;82,359;50,95;67;2,69;0,0336599392046606;2,13;4,89;55,59;51,29;61,76;0,79;6,89;72,83;23,32;4,66;0;0,01323378;101,561;2,452
"50";2018;10;"Phlppn";"2018/10";23,48;91,36;250,625;73,95;64,52;698;2,79;0,0204143424731269;3,31;2;83,16;22,79;63,85;0,72;6,4;35,79;61,61;5,78;0;0,00054042;100,6156;2,38
"51";2018;11;"Shangh";"2018/11";13,766;96,324;162,419;83,063;60,29;236;1,33;0,016362553777966;5,95;2,64;80,16;30,82;64,44;0,95;6,45;45,98;62,47;5,27;0,176;0,00154389;100,894;2,518
"52";2018;11;"Peking";"2018/11";0,861;76,675;31,807;81,155;25,87;2144;2,09;0,0548320916933112;3,86;1,25;86,5;14,34;12,96;0,98;7,22;38,24;78,17;6,06;0,104;-0,0007437;99,3107;2,523
"53";2018;11;"Japan";"2018/11";6,409;43,4;52,512;87,312;32,06;1513;0,24;0,031044152981843;6,31;2,47;76,39;25,31;214,83;0,78;6,66;69,38;50,48;7,02;0,209;0,00113745;100,7829;2,53
"54";2018;11;"Skorea";"2018/11";-2,711;53,042;54,395;82,605;42,84;65;2,87;0,0340178934142404;2,27;4,38;57,19;51,31;54,37;0,78;6,92;73,81;23,63;4,09;0,248;0,01326131;101,4639;2,256
"55";2018;11;"Phlppn";"2018/11";18,174;87,773;193,955;73,794;86,02;620;3,25;0,0219356310728966;2,89;1,88;83,63;21,56;65,44;0,7;6,69;35,22;61,9;6,3;0;0,00061367;100,6232;2,392
"56";2018;12;"Shangh";"2018/12";15,346;122,58;137,136;78,699;62,37;271;1,73;0,0179037475674966;6,48;2,66;78,06;30,67;68,14;0,98;6,64;47,59;63,87;5,47;0,074;0,00159552;100,8758;2,516
"57";2018;12;"Peking";"2018/12";-2,218;93,504;8,122;70,18;31,7;1557;1,61;0,057445946706095;3,27;1,25;86,06;15,92;13,47;0,98;7,04;37,61;78;5,73;0,175;-0,00075808;99,2765;2,535
"58";2018;12;"Japan";"2018/12";2,664;59,495;37,449;88,14;46,03;1678;0,23;0,0327183588640598;5,87;2,31;76,16;24,68;223,72;0,95;7,28;68,41;51,22;6,81;0,142;0,0011016;100,7342;2,366
"59";2018;12;"Skorea";"2018/12";-3,704;44,46;31,547;94,412;37,68;60;2,89;0,0355520105920865;2,31;4,3;57,28;52,78;59,15;0,75;6,38;73,94;24,05;4,27;0,034;0,01323462;101,683;2,524
"60";2018;12;"Phlppn";"2018/12";13,637;137,419;170,753;83,63;75,14;786;3,04;0,0215100176859616;3,4;1,72;83,81;22,16;61,97;0,72;6,48;34,87;62,4;6,18;0,095;0,00064939;100,6582;2,528
"61";2019;1;"Shangh";"2019/1";8,645;93,753;123,088;86,174;49,8;370;1,49;0,0157594804550147;6,1;2,88;79,48;31,4;56,4;0,81;6,4;46,6;62,95;5,51;0,399;0,00163754;100,7174;2,494
"62";2019;1;"Peking";"2019/1";-1,213;69,343;21,586;77,815;22,03;1942;1,53;0,0525887764729224;3,48;1,38;86,62;15,19;13,89;0,98;7,12;39,11;78,49;6,13;0,076;-0,00074622;99,2424;2,425
"63";2019;1;"Japan";"2019/1";1,318;35,98;49,173;85,815;41,36;1798;0,24;0,0321224302893233;5,35;2,45;76,18;25,09;196,76;0,86;6,4;68,25;51,77;6,95;0,014;0,00114101;100,6428;2,362
"64";2019;1;"Skorea";"2019/1";-4,488;35,25;45,615;89,987;37,21;75;2,67;0,0341410492899437;2,67;4,29;57,16;53,2;53,72;0,77;7,21;73,16;23,51;3,79;0;0,01316694;101,6842;2,487
"65";2019;1;"Phlppn";"2019/1";9,479;91,748;169,688;79,485;68,56;763;2,34;0,0248994857548201;3,58;1,68;85,74;22,81;66,14;0,68;6,73;33,67;60,81;6,24;0,155;0,00069991;100,6119;2,345
"66";2019;2;"Shangh";"2019/2";10,393;82,723;149,719;85,626;57,68;285;1,61;0,0173619486729012;6,65;2,81;80,42;31,23;68,57;0,98;6,33;45,34;63,15;5,35;0,133;0,00155151;100,775;2,487
"67";2019;2;"Peking";"2019/2";-3,409;48,667;64,971;81,037;31,55;2110;1,94;0,0534504435101429;4,01;1,54;85,34;14,15;12,67;0,89;6,86;38,64;78,57;5,91;0;-0,00078629;99,3421;2,43
"68";2019;2;"Japan";"2019/2";1,967;35,487;65,301;79,523;48,12;2097;0,26;0,0299585431687769;6,2;2,25;76,83;25,45;215,86;0,91;6,32;68,26;52,97;7,67;0,285;0,00113676;100,7121;2,425
"69";2019;2;"Skorea";"2019/2";-2,942;37,309;63,296;89,828;50,93;66;3,41;0,034277183059289;2,29;4,19;56,2;53,33;56,27;0,82;6,22;74,76;25,27;3,81;0,07;0,01311457;101,5243;2,393
"70";2019;2;"Phlppn";"2019/2";14,151;66,224;172,401;78,456;77,17;742;2,73;0,0233006138542504;3,41;1,46;84,62;23,35;55,92;0,72;5,83;34,03;61,06;6,38;0,092;0,00077161;100,6262;2,654
"71";2019;3;"Shangh";"2019/3";8,824;44,55;212,937;73,596;61,49;328;1,15;0,0163223638225766;6,8;2,47;80,9;29,5;63,37;0,88;6,29;46,36;65,19;5,67;0,171;0,00153955;100,7114;2,407
"72";2019;3;"Peking";"2019/3";-2,048;49,929;115,625;69,453;29,73;2263;1,96;0,0573484949678125;3,1;1,25;86,5;15,86;11,54;0,98;6,69;39,87;82,22;5,8;0,032;-0,00077008;99,4872;2,412
"73";2019;3;"Japan";"2019/3";5,171;37,566;123,279;71,624;50,14;1809;0,23;0,0331450036418523;6,2;2,55;77,12;26,36;216,5;0,98;6,32;69,21;52,66;7,2;0,174;0,00113645;100,6189;2,467
"74";2019;3;"Skorea";"2019/3";-6,44;36,156;114,652;77,915;53,22;68;2,94;0,0360903415133582;2,1;4,26;55,83;54,26;55,16;0,78;6,78;76,17;25,16;3,82;0,061;0,01303297;101,5555;2,434
"75";2019;3;"Phlppn";"2019/3";13,315;44,054;233,866;73,802;73,8;720;2,54;0,0231338809480983;3,83;1,34;84,41;21,18;65,74;0,65;6,76;34,47;60,92;6,38;0,024;0,00079774;100,8056;2,633
"76";2019;4;"Shangh";"2019/4";13,061;60,54;204,867;69,842;63,83;249;1,23;0,0184031299431339;5,98;2,58;78,94;29,38;64,73;0,95;6,82;48,84;65,63;5,47;0,351;0,00152873;100,6467;2,584
"77";2019;4;"Peking";"2019/4";6,008;38,906;148,035;87,335;30,66;1781;1,59;0,0541498392703395;3,33;1,25;84,55;16,7;13,07;0,9;6,43;39,54;83,26;5,67;0,047;-0,00087792;99,5522;2,486
"78";2019;4;"Japan";"2019/4";9,89;37,908;154,331;57,897;44,43;1676;0,27;0,0300179345194284;5,7;2,57;76,47;27,76;246,98;0,92;6,5;69,09;51,28;7,47;0;0,00108147;100,4598;2,354
"79";2019;4;"Skorea";"2019/4";10,406;44,805;152,089;66,848;43,87;55;3,43;0,0331838282588405;2,24;4,22;57,32;52,64;53,61;0,77;6,85;75,5;25,18;3,87;0;0,01311672;101,6132;2,406
"80";2019;4;"Phlppn";"2019/4";15,151;22,534;282,437;75,817;61,44;601;2,52;0,0220869244422614;3,57;1,25;85,65;21,24;64,17;0,6;6,63;34,26;60,46;6,11;0,057;0,00080338;101,0518;2,52
"81";2019;5;"Shangh";"2019/5";14,367;48,955;273,614;67,113;65,07;296;1;0,0171566223913577;6,8;2,54;78,48;29,68;63,24;0,89;6,39;50,11;65,41;5,41;0,101;0,00152846;100,5014;2,501
"82";2019;5;"Peking";"2019/5";9,157;59,355;212,613;72,302;28,07;2193;1,85;0,0534196249485123;3,09;1,25;84,89;17,82;15,41;0,98;7,41;38,88;82;5,85;0,024;-0,00087181;99,6428;2,506
"83";2019;5;"Japan";"2019/5";13,462;57,19;220,305;57,691;40,4;1382;0,22;0,0319721064452465;5,01;2,6;76,65;28,22;219,92;0,92;7,21;69,42;50,68;8,05;0,163;0,00108023;100,4564;2,32
"84";2019;5;"Skorea";"2019/5";12,435;58,888;229,49;61,683;59,54;77;3,33;0,0339221367343599;2,57;3,99;57,37;51,9;63,23;0,81;6,4;75,96;26,59;4,12;0,185;0,01299171;101,6263;2,41
"85";2019;5;"Phlppn";"2019/5";20,247;6,335;336,451;78,537;70,54;715;2,57;0,0214869915847121;3,24;1,25;86,41;21,14;58,31;0,65;6,43;34,33;61,65;6,26;0,213;0,00083406;101,1412;2,243
"86";2019;6;"Shangh";"2019/6";20,634;16,315;298,391;54,836;62,21;320;1,25;0,018111775766168;6,8;2,85;76,8;28,2;55,29;0,92;6,45;50,36;66,33;5,2;0,203;0,0014267;100,5678;2,48
"87";2019;6;"Peking";"2019/6";12,483;74,101;219,163;78,027;30,72;1826;1,86;0,0560190437301951;4,07;1,27;84,73;18,41;11,4;0,98;7,31;39,46;82;5,71;0,223;-0,00096127;99,7556;2,553
"88";2019;6;"Japan";"2019/6";15,923;77,507;235,643;56,86;44,22;1555;0,22;0,0304352951168873;5,64;2,65;76,61;28,67;224,48;0,96;6,59;69,19;50,36;7,69;0,123;0,00099438;100,5272;2,165
"89";2019;6;"Skorea";"2019/6";19,176;81,721;253,65;61,926;52,5;60;3,77;0,0316370482389083;2,58;3,92;54,39;53,68;54,58;0,84;6,51;75,13;25,71;3,7;0,022;0,01298422;101,5669;2,316
"90";2019;6;"Phlppn";"2019/6";26,807;3,579;320,893;71,58;72,66;530;2,49;0,0225226257456641;2,93;1,27;86,17;21,01;60,58;0,67;6,36;34,02;61,21;6,54;0,246;0,00077902;101,2752;2,286
"91";2019;7;"Shangh";"2019/7";25,297;4,945;326,794;47,935;61,75;357;1,24;0,0164870915957091;6,06;2,97;77,37;28,64;53,1;0,97;6,16;50,44;66,19;5,43;0,111;0,00140534;100,5423;2,441
"92";2019;7;"Peking";"2019/7";17,633;111,836;181,593;77,26;26,13;2033;1,44;0,0534951292575673;3,28;1,51;85,3;18,8;13;0,91;6,32;40,91;81,33;5,69;0,073;-0,00093735;99,7906;2,381
"93";2019;7;"Japan";"2019/7";23,864;57,795;221,572;59,715;50,93;1781;0,19;0,0273950171768915;5,99;2,58;77,18;29,53;192,21;0,94;6,53;69;49,34;7,68;0;0,00093832;100,5528;2,285
"94";2019;7;"Skorea";"2019/7";17,943;66,477;229,525;63,254;59,11;68;2,91;0,0359744166182429;2,33;3,97;55,54;54,08;63,79;0,67;6,44;74,45;26,82;2,99;0;0,01290342;101,4969;2,359
"95";2019;7;"Phlppn";"2019/7";28,892;0;343,582;70,893;67,69;710;2,98;0,0222263067953639;3,04;1,26;86,54;21,24;67,52;0,71;6,32;35,31;62,02;6,72;0,054;0,00076074;101,3773;2,372
"96";2019;8;"Shangh";"2019/8";27,578;7,289;337,119;52,653;68,57;328;1,15;0,0164730772817968;6,71;3,26;77,5;29,42;59,27;0,92;5,65;49,14;67,6;5,57;0,164;0,00145093;100,3541;2,335
"97";2019;8;"Peking";"2019/8";14,927;91,574;182,167;86,451;26,31;2260;1,37;0,0488010130492045;3,34;1,48;85,68;17,09;14,34;0,98;7,32;40,43;81,12;5,65;0;-0,00096176;99,8066;2,23
"98";2019;8;"Japan";"2019/8";15,711;51,675;220,863;57,768;49,31;1891;0,23;0,0283194843355336;5,57;2,72;76,45;31,08;246,57;0,9;6,49;68,36;48,63;7,73;0,328;0,00093229;100,6765;2,313
"99";2019;8;"Skorea";"2019/8";21,389;55,289;253,626;70,584;46,74;75;3,06;0,0343809128493917;2,1;3,62;56,33;55,14;60,28;0,67;6,68;75,28;28,56;3,39;0;0,01294808;101,4334;2,195
"100";2019;8;"Phlppn";"2019/8";28,426;7,526;346,975;70,738;76,05;601;2,04;0,0216385248005808;3,12;1,52;86,65;20,86;66,77;0,59;6,75;36,22;62,74;6,66;0,007;0,00078145;101,4834;2,239
"101";2019;9;"Shangh";"2019/9";24,691;30,369;267,48;57,452;50,1;347;1,18;0,0168215440940267;6,47;3,26;76,31;28,97;60,31;0,88;6,52;48,24;67,88;5,04;0,321;0,00142883;100,5218;2,485
"102";2019;9;"Peking";"2019/9";11,455;96,309;123,476;81,09;31,35;2136;1,54;0,0538530484425591;3,09;1,49;85,87;17,29;15,54;0,91;7,73;41,16;81,79;5,96;0,199;-0,00104023;99,9023;2,52
"103";2019;9;"Japan";"2019/9";13,18;44,828;138,76;64,343;48,99;1895;0,19;0,0309810105674801;5,81;2,79;77,21;30,88;222,99;0,9;6,07;70,26;49,64;8,02;0,129;0,0008812;100,7918;2,178
"104";2019;9;"Skorea";"2019/9";14,249;57,328;191,852;70,63;48,91;63;3,26;0,0319664418546952;2,1;4,09;55,83;55,68;58,61;0,76;7,28;75,5;28,01;3,07;0,06;0,01287859;101,3079;2,341
"105";2019;9;"Phlppn";"2019/9";24,773;37,714;262,749;71,951;72,63;721;2,88;0,0231720710646948;3,32;1,63;87,08;20,5;69,65;0,6;7,27;33,81;62,19;6,53;0;0,00082728;101,6617;2,244
"106";2019;10;"Shangh";"2019/10";15,634;70,574;227,904;66,594;60,54;412;1,3;0,0164826241943123;5,6;3,19;76,23;29,16;68,3;0,86;5,81;49,3;67,11;5,06;0,097;0,00144536;100,4202;2,358
"107";2019;10;"Peking";"2019/10";8,665;85,246;53,746;82,499;23,85;2177;1,62;0,0528398044781286;3,1;1,81;85,56;18,46;12,77;0,92;7,09;40,12;81,5;5,9;0,004;-0,00104862;99,8295;2,533
"108";2019;10;"Japan";"2019/10";13,01;42,75;112,53;70,281;43,04;1753;0,22;0,0307737407033886;6,66;2,42;76,76;30,68;220,89;0,9;6,29;68,12;48,97;8,3;0,085;0,0008808;100,7437;2,203
"109";2019;10;"Skorea";"2019/10";4,338;45,138;129,301;75,712;42,99;72;2,5;0,0319491300669835;2,61;3,85;53,23;58,07;56,89;0,74;6,55;75,51;28,59;3,16;0,032;0,01289808;101,2203;2,36
"110";2019;10;"Phlppn";"2019/10";21,435;85,039;235,051;78,238;82,45;754;2,16;0,0231993037708821;3,15;1,57;88,54;21,05;64,04;0,61;6,28;34,46;60,83;6,83;0;0,0008018;101,8052;2,089
"111";2019;11;"Shangh";"2019/11";16,295;111,478;165,844;74,109;47,07;330;1,06;0,0177083122493274;5,72;3,26;77,63;29,15;69,14;0,83;6,5;51,07;66,31;4,97;0,228;0,00151766;100,5787;2,415
"112";2019;11;"Peking";"2019/11";5,008;88,561;30,659;83,991;27,3;2195;1,56;0,0568230715298597;3,72;2,31;85,71;20,63;12,78;0,88;7,36;41,98;82,34;5,66;0;-0,00107701;99,7972;2,287
"113";2019;11;"Japan";"2019/11";0,848;43,318;55,351;83,43;46,42;1486;0,22;0,030375208021472;5,7;2,3;77,15;31,08;217,82;0,89;7,02;68,94;48,8;8,4;0,119;0,00086321;100,7285;2,194
"114";2019;11;"Skorea";"2019/11";2,593;49,667;55,535;93,795;66,26;63;3,34;0,0357913592647637;2,31;3,84;53,67;57,6;61,08;0,8;5,94;74,96;29,21;2,8;0;0,01289657;101,2408;2,223
"115";2019;11;"Phlppn";"2019/11";13,162;89,644;195,598;68,882;89,34;715;2,8;0,0221078969634709;3,14;1,25;88,27;20,99;62,53;0,73;5,58;34,67;61,01;7,23;0,002;0,00086915;101,923;2,261
"116";2019;12;"Shangh";"2019/12";6,661;107,256;143,762;77,253;60,58;346;1,15;0,0175603313812589;6,35;3,46;78,21;28,85;63,96;0,83;6,28;50,55;66,66;5,04;0,133;0,0015827;100,6911;2,352
"117";2019;12;"Peking";"2019/12";-5,263;82,92;9,615;82,218;26,71;2093;1,44;0,0530084669426871;3,45;2,32;85,28;20,27;13,87;0,89;7,51;42,41;82,53;5,57;0,146;-0,00104948;99,7515;2,206
"118";2019;12;"Japan";"2019/12";4,81;52,73;44,014;77,142;46,15;1842;0,23;0,0306191000704143;6,73;2;76,07;29,53;235,85;0,83;6,6;68,85;47,61;8,64;0,068;0,00083657;100,8581;2,228
"119";2019;12;"Skorea";"2019/12";0,354;46,088;32,743;88,765;45,48;73;3,32;0,0361720342263303;2,52;3,86;53,86;57,81;62,24;0,83;7,02;75,19;27,8;3,41;0;0,01299412;101,2981;2,147
"120";2019;12;"Phlppn";"2019/12";10,519;103,251;163,92;82,174;65,59;642;2,47;0,0220941475820344;3,29;1,25;87,1;21,64;66,77;0,7;6,91;35,54;59,54;7,48;0,09;0,00088953;101,9551;2,23
"121";2020;1;"Shangh";"2020/1";8,782;114,409;139,426;75,31;51,89;306;1,38;0,0166179722865329;5,4;3,41;76,58;30,34;67,39;0,91;6,21;51,78;67,15;4,68;0,133;0,00155528;100,5549;2,379
"122";2020;1;"Peking";"2020/1";-1,436;80,677;22,268;77,36;33,51;1837;1,68;0,0542929855246352;3,16;2,1;84,91;20,06;13,49;0,98;6,75;41,25;82,72;5,35;0;-0,00101923;99,7846;2,16
"123";2020;1;"Japan";"2020/1";2,321;40,839;42,52;75,683;46,62;1929;0,21;0,030068017566448;5,77;1,87;74,82;29,77;215,25;0,98;6,81;68,28;48,59;8,64;0,195;0,00076621;100,8813;2,252
"124";2020;1;"Skorea";"2020/1";-6,044;35,558;42,528;86,771;52,63;60;3,04;0,0371085586526721;2,32;3,57;53,62;59,41;57,62;0,76;6,47;75,23;25,85;3,67;0;0,01293046;101,333;1,994
"125";2020;1;"Phlppn";"2020/1";9,941;87,543;171,915;75,743;74,18;712;3,04;0,0206688959659661;2,61;1,25;85,51;22,83;68,82;0,76;6,49;35,49;60,22;7,12;0,158;0,0008779;101,8751;2,247
"126";2020;2;"Shangh";"2020/2";16,414;97,308;159,699;83,882;67,36;303;1,25;0,0168113720853775;6,23;3,47;76,93;31,64;74,07;0,85;6,18;52,02;69,3;4,07;0,275;0,00152656;100,7778;2,3
"127";2020;2;"Peking";"2020/2";-5,395;51,129;64,607;73,506;30,63;1681;2,01;0,0559098959148612;2,89;2,34;84,2;18,89;13,61;0,92;7,15;42,13;83,81;5,84;0;-0,00104909;99,7644;2,165
"128";2020;2;"Japan";"2020/2";-2,808;22,259;76,43;80,095;43,16;1620;0,24;0,0308787568727406;6,04;1,75;75,1;29,64;244,49;0,92;6,85;69,1;48,97;8,73;0,16;0,00081219;101,0229;2,039
"129";2020;2;"Skorea";"2020/2";-6,614;40,118;57,4;83,976;48,33;76;3,04;0,0319997663971146;2,38;3,68;52,6;57,99;58,32;0,69;7,4;76,42;25,27;3,95;0,186;0,01289307;101,3247;2,01
"130";2020;2;"Phlppn";"2020/2";13,672;51,101;164,152;81,312;76,31;574;2,52;0,0228254822873313;2,75;1,25;84,82;24,35;68,33;0,7;6,11;34,67;59,81;7,12;0;0,00083017;101,7444;2,203
"131";2020;3;"Shangh";"2020/3";10,53;54,193;197,398;72,036;65,18;286;1,06;0,0161162418313163;6,8;3,18;77,31;32,26;64,34;0,86;6,19;50,85;69,64;4,09;0,254;0,00163617;100,7915;2,128
"132";2020;3;"Peking";"2020/3";3,813;50,232;115,796;72,244;25,19;2416;1,93;0,0567978213474986;3,57;2,2;84,3;17,86;14,78;0,98;7,53;40,93;82,45;5,85;0,105;-0,00109212;99,8605;2,287
"133";2020;3;"Japan";"2020/3";4,489;38,942;131,72;68,168;43,68;1968;0,23;0,0323562023661114;5,62;1,99;76,01;30,75;193,06;0,93;7,05;67,09;48,81;9,04;0,172;0,00088781;101,1722;2,196
"134";2020;3;"Skorea";"2020/3";-3,272;37,106;121,458;74,41;41,07;78;2,54;0,0358146080780218;2,55;3,85;51,51;57,66;55,89;0,75;6,07;76,38;24,87;4,13;0,082;0,012879;101,3304;2,035
"135";2020;3;"Phlppn";"2020/3";16,188;41,512;206,449;77,913;69,38;645;2,73;0,0222508403970108;3,7;1,38;86,42;24,19;65,66;0,63;6,66;32,78;60,73;7,24;0,157;0,00087209;101,6866;2,303
"136";2020;4;"Shangh";"2020/4";15,826;63,638;227,933;71,379;49,86;251;1,35;0,0176294982844403;6,6;2,92;76,05;33,03;63,13;0,92;6,13;50,66;70,09;4,19;0,179;0,00165071;100,7911;2,099
"137";2020;4;"Peking";"2020/4";2,816;41,027;152,655;88,3;25,97;2022;1,3;0,054387403780619;3,92;2,13;82,26;18,7;13,58;0,9;7,87;39,6;82,26;5,8;0,274;-0,00112004;99,7702;2,221
"138";2020;4;"Japan";"2020/4";8,275;41,3;157,721;62,198;55,58;1988;0,21;0,0295849501148973;6,71;2,03;74,68;29,91;179,49;0,98;5,88;67,28;48,4;9,12;0,128;0,00087815;101,1613;1,993
"139";2020;4;"Skorea";"2020/4";6,869;40,903;158,538;76,106;30,51;61;3,33;0,033304438500353;2,4;3,82;52,09;57,65;56,48;0,77;6,32;77,94;26,11;4,37;0,036;0,01281422;101,1408;2,175
"140";2020;4;"Phlppn";"2020/4";14,859;22,729;268,731;76,796;51,82;718;2,36;0,0222542352664592;3,27;1,25;85,88;23,9;66,08;0,67;5,91;33,03;59,02;7,41;0,346;0,00086655;101,7894;2,268
"141";2020;5;"Shangh";"2020/5";12,833;50,438;315,601;61,333;63,16;278;1,29;0,0164853449335225;5,72;3,1;76,09;35,03;58,31;0,97;6,33;49,99;68,99;4,44;0,195;0,00165671;100,8881;2,337
"142";2020;5;"Peking";"2020/5";8,177;62,918;219,372;76,835;25,43;1669;1,47;0,053732204004614;3,06;2,31;82,44;19,91;14,79;0,98;6,63;38,99;81,26;5,24;0,035;-0,00109777;99,8337;2,043
"143";2020;5;"Japan";"2020/5";11,672;55,492;235,048;56,255;42,27;1611;0,22;0,0337932568032457;6,18;1,78;74,87;30,22;226,11;0,93;6,72;67,26;46,77;9,13;0,187;0,00089245;101,0969;1,988
"144";2020;5;"Skorea";"2020/5";11,387;62,558;253,035;63,43;51,23;72;2,78;0,0356136699704969;2,78;3,77;50,73;55,08;54,03;0,87;6,48;77,1;24,67;3,88;0;0,01281931;100,9028;2,253
"145";2020;5;"Phlppn";"2020/5";20,951;7,563;300,195;72,069;67,51;694;2,64;0,0224949917777412;3,02;1,25;84,76;23,3;65,58;0,73;7,32;32,38;58,7;7,38;0;0,00088885;101,6368;2,265
"146";2020;6;"Shangh";"2020/6";20,484;16,152;307,904;57,071;54,46;340;1,04;0,0177655202023627;6,8;3,3;76,92;34,97;58,1;0,94;6,24;50,25;68,69;4,74;0,126;0,00161095;100,8868;2,179
"147";2020;6;"Peking";"2020/6";12,27;85,185;194,1;73,938;28,47;2163;1,77;0,0528139898399544;4,1;2,37;82,63;19,88;13,95;0,95;7,7;39,44;81,37;5,53;0;-0,00116692;99,6915;2,076
"148";2020;6;"Japan";"2020/6";11,159;73,404;209,942;56,27;40,12;1861;0,25;0,0335650815597839;6,14;1,8;76,66;31,75;223,1;0,9;6,78;66,16;47,81;8,95;0,044;0,00081945;101,138;2,125
"149";2020;6;"Skorea";"2020/6";19,658;79,807;276,555;67,706;51,91;62;2,7;0,0387414467674749;2,42;3,83;51,2;55,37;54,65;0,82;6,13;77,89;26,42;4,07;0;0,01285858;100,6635;2,238
"150";2020;6;"Phlppn";"2020/6";19,864;2,787;316,201;73,316;91,87;657;3,01;0,023651435881777;2,97;1,55;84,86;22,61;65,83;0,72;6,77;32,52;58,38;7,02;0,029;0,00098498;101,6004;2,28
"151";2020;7;"Shangh";"2020/7";24,171;4,215;369,598;51,586;64,59;341;1,41;0,0184525927091342;6,8;3,23;77,34;34,41;63,89;0,93;6,89;50,13;67,91;4,25;0,46;0,00156611;100,8292;2,267
"152";2020;7;"Peking";"2020/7";12,707;102,745;172,853;82,079;26,2;2255;1,77;0,0592338127352656;3,57;2,5;81,28;19,24;13,22;0,85;6,69;39,98;82,05;5,42;0,054;-0,00122922;99,6058;2,196
"153";2020;7;"Japan";"2020/7";19,648;58,97;203,685;58,717;53,02;1459;0,2;0,033292365664398;5,53;1,87;78,51;31,78;224,93;0,96;6,96;67,72;47,41;8,87;0,216;0,0007578;101,3147;2,383
"154";2020;7;"Skorea";"2020/7";22,629;80,804;276,567;61,544;49,87;59;2,46;0,0314579274341376;2,42;4,29;51,25;53,47;57,31;0,77;6,63;79,53;26,64;3,99;0,011;0,01281273;100,7193;2,319
"155";2020;7;"Phlppn";"2020/7";28,314;0;366,586;68,002;65,35;664;3,04;0,0220798655117037;2,88;1,6;84,2;23,51;68,59;0,75;6,71;32,33;57,82;6,61;0,082;0,00101127;101,6528;2,355
"156";2020;8;"Shangh";"2020/8";30,785;6,175;352,352;56,185;64,81;314;1,36;0,0157669221860969;6,8;3,48;76,23;33,75;60,43;0,75;6,56;49,64;67,12;4,4;0,223;0,0014827;100,7295;2,273
"157";2020;8;"Peking";"2020/8";12,931;89,822;167,633;72,932;31,68;1956;1,67;0,0544781712880032;4,08;2,49;79,61;21,58;14,44;0,94;7,11;39,07;81,37;5,44;0,066;-0,0011481;99,6422;2,321
"158";2020;8;"Japan";"2020/8";17,29;65,04;196,299;63,243;46,59;1722;0,2;0,0324716383665432;5,66;1,9;77,06;33,49;204,34;0,9;6,78;67,86;46,68;8,92;0;0,00072895;101,4022;2,24
"159";2020;8;"Skorea";"2020/8";17,784;67,704;235,731;66,743;48,9;59;3,38;0,0346197968735383;2,85;4,35;49,89;54,79;49,31;0,77;6,46;79,63;27,12;3,58;0,008;0,01276657;100,5996;2,245
"160";2020;8;"Phlppn";"2020/8";30,016;7,801;334,017;67,194;52,68;670;2,7;0,022303652246774;3,17;1,6;86,22;23,54;66,09;0,71;6,58;30,69;57,01;6,74;0,128;0,00103301;101,5001;2,412
"161";2020;9;"Shangh";"2020/9";18,968;27,699;252,461;56,492;56,5;372;1,22;0,0158628078070126;6,61;3,56;75,46;33,81;64,98;0,83;6,69;49,4;66,22;3,7;0,187;0,00143204;100,7201;2,226
"162";2020;9;"Peking";"2020/9";12,554;91,765;110,554;75,132;28,28;2127;1,8;0,0496793396251448;3,63;2,4;78,92;21,66;15,33;0,98;6,77;38,56;81,75;5,34;0,072;-0,00110808;99,7016;2,342
"163";2020;9;"Japan";"2020/9";16,289;37,631;172,289;68,634;51,35;1927;0,25;0,0295827921752748;6,12;1,75;77,54;33,23;214,66;0,98;6,19;69,41;47,09;8,82;0,006;0,00071991;101,3648;2,293
"164";2020;9;"Skorea";"2020/9";10,698;55,542;176,044;73,548;40,53;74;3,64;0,0341615502988057;2,1;4,46;49,94;54,77;53,42;0,68;6,57;79,74;27,89;3,76;0,186;0,01274154;100,5693;2,156
"165";2020;9;"Phlppn";"2020/9";20,998;36,926;267,77;83,934;65,11;650;2,39;0,0217587969071266;2,39;1,69;86,2;22,68;57,9;0,78;6,61;29,81;57,89;6,74;0,056;0,00106072;101,3808;2,36
"166";2020;10;"Shangh";"2020/10";17,603;76,684;221,689;70,392;52,92;347;1,28;0,0176133271952783;5,33;3,98;74,18;35,16;66,45;0,85;6,07;50,4;67,21;4,08;0,138;0,00145179;100,7239;2,294
"167";2020;10;"Peking";"2020/10";-0,055;73,525;67,086;82,93;30,97;1941;1,64;0,0548235816027471;3,36;2,64;80,47;20,05;11,48;0,93;8,23;38,96;80,43;5,67;0,085;-0,00109899;99,7958;2,254
"168";2020;10;"Japan";"2020/10";10,911;37,257;107,76;78,353;41,67;1769;0,19;0,0317196455697798;5,06;1,67;79,27;33,68;225,06;0,98;6,59;69,23;47,22;8,58;0,051;0,00072647;101,6042;2,3
"169";2020;10;"Skorea";"2020/10";5,723;40,26;117,257;85,603;43,62;57;3,18;0,0352364176390186;2,48;4,3;50,22;55,57;53,02;0,77;6,52;79,14;28,91;3,52;0;0,01282416;100,608;2,294
"170";2020;10;"Phlppn";"2020/10";20,408;98,058;201,454;75,33;62,36;771;3,22;0,0222306630005112;3,34;1,59;86,14;21,12;60,69;0,7;6,28;29,68;58,39;6,06;0;0,00105591;101,4872;2,242
"171";2020;11;"Shangh";"2020/11";11,026;95,902;173,464;77,089;64,58;319;1,33;0,0185036474617527;6,37;3,98;73,55;34,11;69,98;0,83;7,57;49,18;66,25;3,71;0,217;0,00147959;100,5573;2,446
"172";2020;11;"Peking";"2020/11";-3,254;77,298;34,293;85,499;31,71;2023;1,81;0,0500978630792204;2,98;2,36;80,49;20,06;13,94;0,93;8,01;39,34;80,43;5,62;0;-0,00115187;100,1794;2,247
"173";2020;11;"Japan";"2020/11";3,771;43,576;52,313;81,835;53,48;1857;0,21;0,0338934321240181;6,58;1,94;79,33;32,68;198,48;0,98;6,25;69,32;45,45;8,27;0,255;0,00064472;101,5968;2,452
"174";2020;11;"Skorea";"2020/11";5,325;45,001;51,262;82,318;50,84;74;3,85;0,0315705918345777;2,39;4,5;49,4;55,32;52,07;0,81;5,93;80,52;31,14;3,48;0;0,0128956;100,6962;2,343
"175";2020;11;"Phlppn";"2020/11";16,56;89,282;196,69;80,948;72,13;766;3;0,0197514668460859;3,44;1,41;86,83;20,4;64,05;0,72;6,91;29,24;56,38;5,37;0;0,00095659;101,5014;2,243
"176";2020;12;"Shangh";"2020/12";15,623;114,657;143,323;85,973;56,25;277;1,57;0,016609375913116;6,27;3,57;73,25;34,76;62,31;0,86;6,22;47,75;67,94;3,63;0,188;0,00150341;100,616;2,436
"177";2020;12;"Peking";"2020/12";-1,942;70,209;8,315;80,081;24,79;1737;1,84;0,0516379283712277;3,59;2,19;82,26;20,56;13,22;0,93;7,21;38,85;80,38;5,38;0,16;-0,00117167;100,1926;2,132
"178";2020;12;"Japan";"2020/12";3,503;55,764;39,502;88,961;51,22;1882;0,2;0,0318314255342772;5,47;1,71;80,19;31,74;198,06;0,89;6,41;71,04;45,54;8,36;0,009;0,00052862;101,4454;2,416
"179";2020;12;"Skorea";"2020/12";-4,706;43,611;32,163;83,977;60,3;62;2,61;0,0329048055699014;2,12;4,28;49,34;56,34;59,55;0,78;6,7;81,16;31,56;3,46;0,166;0,01287621;100,6771;2,377
"180";2020;12;"Phlppn";"2020/12";13,375;114,356;185,289;78,08;56,18;721;3,01;0,0218309888941248;3,08;1,29;87,29;21,9;72,64;0,68;6,41;31,21;57,19;5,93;0,035;0,00102797;101,4888;2,269
"181";2021;1;"Shangh";"2021/1";14,534;106,83;142,758;80,363;59,94;391;1,2;0,0170193559730503;6,8;3,14;72,51;34,5;74,81;0,89;6,23;47,1;68,76;3,62;0,088;0,00149153;100,587;2,396
"182";2021;1;"Peking";"2021/1";-7,205;82,161;23,398;78,081;28,95;2160;1,87;0,0533576467821149;3,73;1,91;82,76;20,19;13,44;0,85;7,84;38,6;80,46;5,48;0,088;-0,00115902;100,3092;2,32
"183";2021;1;"Japan";"2021/1";-1,884;38,8;47,711;83,166;47,5;1599;0,23;0,0301409632762727;6,12;1,9;82,31;30,81;215,05;0,91;6,45;71,01;45,86;8,53;0,251;0,00053899;101,3318;2,398
"184";2021;1;"Skorea";"2021/1";-2,448;40,043;35,039;85,871;57,96;81;3,29;0,0364199720892369;2,13;4,39;49,43;57,17;56,16;0,8;7,02;80,26;31,67;2,96;0,105;0,01276202;100,734;2,403
"185";2021;1;"Phlppn";"2021/1";15,472;93,998;176,868;83,8;63,84;626;2,48;0,0215344564772054;2,52;1,25;87,02;22,11;73,42;0,76;6,46;31,62;56,35;5,94;0;0,00106137;101,3299;2,148
"186";2021;2;"Shangh";"2021/2";9,902;83,326;159,222;77,148;57,21;316;1,29;0,0176127912917301;6,47;2,98;72,32;32,6;70,56;0,79;6,77;48,4;67,87;3,37;0,29;0,00149526;100,4666;2,333
"187";2021;2;"Peking";"2021/2";-2,538;61,861;70,358;75,582;20,01;1862;1,71;0,0572631718477588;4,02;1,8;83,59;20,09;13,7;0,9;6,63;39,08;80,04;5,54;0,036;-0,00113911;100,3107;2,206
"188";2021;2;"Japan";"2021/2";-0,012;38,076;70,507;74,853;40,7;1593;0,22;0,0321600516788997;6,37;1,89;82,18;31,3;216,06;0,9;6,87;70,44;45,74;8,71;0,038;0,00055491;101,3137;2,221
"189";2021;2;"Skorea";"2021/2";-3,768;37,848;62,32;78,204;68,49;63;3,17;0,035070689881965;2,17;4,43;51,19;57,54;55,8;0,83;7,8;82,25;31,55;3,14;0;0,01280687;100,8065;2,453
"190";2021;2;"Phlppn";"2021/2";14,527;75,471;187,072;74,19;72,96;660;2,6;0,0224711461592103;2,97;1,25;86,22;20,81;64,64;0,68;6,31;34,33;55,99;6,18;0,04;0,0011457;101,1683;2,279
"191";2021;3;"Shangh";"2021/3";16,986;64,594;208,927;75,068;47,99;359;1,14;0,0166941503802819;6,8;3,1;69,79;33,34;64,39;0,73;6,74;49,62;67,91;3,17;0,275;0,00149826;100,514;2,334
"192";2021;3;"Peking";"2021/3";1,989;53,257;125,465;74,583;23,48;2215;1,84;0,0567491139993886;2,99;2,04;82,52;18,29;14,18;0,98;6,77;41,53;80,17;5,78;0,084;-0,00116307;100,2621;2,343
"193";2021;3;"Japan";"2021/3";3,487;40,084;128,17;69,67;58,91;1786;0,23;0,0307052668064895;6,46;1,85;81,54;30,18;228,55;0,89;6,4;71,56;45,42;8,91;0,103;0,00049906;101,3371;2,027
"194";2021;3;"Skorea";"2021/3";1,579;37,093;102,437;83,964;50,92;63;3,31;0,0355373231552113;2,1;4,11;51,57;56,72;49,98;0,83;7,4;82,55;31,03;2,98;0,147;0,01279881;100,7084;2,366
"195";2021;3;"Phlppn";"2021/3";12,616;36,922;210,481;74,682;58,97;677;2,9;0,0217790098347212;3,54;1,25;87,36;18,9;61,52;0,67;6,56;35,92;57,23;6,17;0,058;0,0011767;101,2314;2,23
"196";2021;4;"Shangh";"2021/4";10,544;70,382;232,799;73,588;61,89;305;1,08;0,017831272314087;6,32;3,15;69,14;34,18;66,97;0,98;6,87;50,91;67,89;3,22;0,16;0,00157027;100,4868;2,503
"197";2021;4;"Peking";"2021/4";5,98;42,125;144,238;78,4;30,42;1936;1,69;0,0607386739301417;3,04;2,05;81,09;18,63;14,26;0,95;7,22;43,01;80,2;5,43;0,195;-0,00116677;100,085;2,535
"198";2021;4;"Japan";"2021/4";8,455;38,797;151,878;56,721;45,04;1884;0,23;0,0324587032764992;6,05;2,14;82,46;29,86;224,79;0,88;6,66;71,26;46,16;8,56;0,083;0,00062887;101,3734;2,085
"199";2021;4;"Skorea";"2021/4";10,916;44,424;170,692;68,989;36,07;71;3,37;0,0320732030092463;2,1;4,31;51,19;55,73;47,86;0,67;6,55;82,27;31,4;3,08;0,129;0,01277106;100,728;2,476
"200";2021;4;"Phlppn";"2021/4";15,659;23,559;245,612;77,144;65,57;613;2,45;0,0238755261333059;3,34;1,25;86,73;19,68;59,58;0,76;5,76;36,81;58,45;6,13;0,162;0,00120659;101,3845;2,285
"201";2021;5;"Shangh";"2021/5";17,792;56,459;301,821;64,332;63,9;275;1,29;0,0169227764036123;6,18;3,22;69,29;36,11;61,44;0,72;5,95;49,33;68,07;3,24;0,276;0,00154547;100,6753;2,417
"202";2021;5;"Peking";"2021/5";8,413;67,876;240,202;75,017;28,41;1535;2,07;0,0545693352859674;2,8;1,89;81,18;20,58;14,6;0,98;8,03;43,66;79,57;5,12;0,231;-0,00114672;100,1026;2,697
"203";2021;5;"Japan";"2021/5";15,749;46,016;217,946;51,389;41,46;2042;0,27;0,0302778126364491;6,32;2,17;81,69;29,52;233,33;0,95;6,02;73,17;46,76;8,69;0,073;0,00062498;101,429;2,419
"204";2021;5;"Skorea";"2021/5";13,978;62,081;212,131;63,43;61,42;62;3,58;0,0374582822597281;2,37;4,47;51,61;54,42;55,11;0,8;6,52;81,87;30,92;3,66;0;0,01275562;100,6465;2,566
"205";2021;5;"Phlppn";"2021/5";20,357;7,458;286,353;71,405;83,38;728;2,89;0,0230035034336405;2,73;1,25;87,42;19,74;61,15;0,76;6,38;35,67;59,62;6,12;0;0,00124595;101,242;2,179
"206";2021;6;"Shangh";"2021/6";18,263;15,246;287,729;61,574;55,12;358;1,06;0,0164867806501654;6,49;3,3;69,83;36,11;58,42;0,88;6,25;50,36;69,05;3,35;0,201;0,00155988;100,643;2,365
"207";2021;6;"Peking";"2021/6";13,769;60,016;216,543;77,637;27,23;1759;1,73;0,0520529080608464;3,44;1,64;83,3;20,44;13,43;0,98;7,57;41,97;80,4;4,99;0;-0,00104501;100,0345;2,581
"208";2021;6;"Japan";"2021/6";17,725;58,206;236,092;56,887;50,08;1744;0,22;0,0302435672106799;6,39;2,16;83,29;30,24;238,92;0,98;6,35;72,58;47,45;8,89;0,261;0,00064348;101,5654;2,582
"209";2021;6;"Skorea";"2021/6";15,38;82,274;263,89;61,927;55,66;62;3,15;0,0343954098711502;2,51;4,97;52,59;55,27;52,61;0,83;6,79;80,58;29,57;3,58;0,033;0,01271692;100,7403;2,564
"210";2021;6;"Phlppn";"2021/6";28,471;2,423;327,797;70,574;72,01;740;2,89;0,022081881785414;3,29;1,25;87,84;18,18;67,14;0,73;6,33;35,25;58,53;6,48;0,029;0,00127272;101,1665;2,22
"211";2021;7;"Shangh";"2021/7";26,349;4,22;357,468;51,442;69,12;347;1,43;0,0158407674547426;5,47;3,09;70,61;35,32;69,97;0,88;6,85;49,85;66,89;3,3;0,328;0,00151235;100,6793;2,397
"212";2021;7;"Peking";"2021/7";10,885;91,849;158,635;78,846;27,37;2054;1,36;0,0522178624453814;3,61;1,7;84,05;20,16;13,71;0,94;6,64;43,68;79,99;4,93;0;-0,00101411;100,0413;2,446
"213";2021;7;"Japan";"2021/7";18,726;49,232;216,402;63,109;44,54;1736;0,23;0,0311182767022323;6,59;2;82,83;30,94;214,88;0,97;6,37;72,84;48,54;9,28;0,014;0,00062801;101,5116;2,567
"214";2021;7;"Skorea";"2021/7";23,356;74,238;270,964;64,163;53,09;68;3;0,0362164993289903;2,49;5,06;52,52;54,47;56,88;0,85;6,91;80,97;30,44;3,21;0,068;0,01275346;100,7052;2,655
"215";2021;7;"Phlppn";"2021/7";21,722;0;372,804;62,789;57,84;486;2,07;0,0221708936882347;2,7;1,26;86,84;17,38;67,45;0,7;6,87;35,55;57,92;6,36;0;0,00122952;101,0698;2,48
"216";2021;8;"Shangh";"2021/8";21,3;6,423;362,035;55,202;52,96;370;1,23;0,0171229873225443;6,8;3,15;71;34,52;66,22;0,97;6,27;50,91;65,82;3,02;0,027;0,00145538;100,7499;2,342
"217";2021;8;"Peking";"2021/8";17,421;97,523;167,323;78,679;27,46;2004;1,84;0,0553903588298625;4,99;1,74;81,62;19,8;14,04;0,98;7,3;43,11;81,16;4,79;0;-0,00108014;99,9786;2,553
"218";2021;8;"Japan";"2021/8";18,488;59,973;216,56;57,812;43,66;1753;0,23;0,0317136510278935;5,91;2,04;84,65;31,64;219,55;0,92;6,16;73,58;48,91;9,5;0,183;0,0005957;101,6871;2,387
"219";2021;8;"Skorea";"2021/8";20,587;47,307;246,914;67,291;45,04;68;3,68;0,0329049415525644;2,5;5,02;52,37;53,9;58,21;0,83;8,06;79,65;30,97;3,14;0;0,01261554;100,8793;2,609
"220";2021;8;"Phlppn";"2021/8";24,155;6,876;351,2;80,93;69,41;550;3,17;0,0238532793647423;3;1,25;88,76;16,07;67,07;0,62;6,29;35,23;59,13;5,79;0;0,00122779;101,184;2,581
"221";2021;9;"Shangh";"2021/9";22,322;25,356;252,636;56,538;60,77;361;1,4;0,0172580011925202;5,07;3,21;71,16;34,23;58,01;0,87;5,93;50,72;65,39;3,1;0,123;0,00149924;100,6696;2,456
"222";2021;9;"Peking";"2021/9";8,196;85,679;113,728;90,689;29,47;2047;1,7;0,0516207703967151;3,7;1,86;83,14;20,72;13,08;0,98;7,02;43,51;82,19;5,34;0,051;-0,00101969;100,0926;2,363
"223";2021;9;"Japan";"2021/9";18,025;47,524;144,815;66,598;42,86;1659;0,23;0,0301422132315803;6,5;1,68;84,45;31,57;220,42;0,9;6,04;73,1;47,62;9,31;0,118;0,0006168;101,5653;2,679
"224";2021;9;"Skorea";"2021/9";12,898;59,955;190,065;69,603;45,69;62;3,25;0,0323625237659311;2,28;5,23;52,37;55,89;52,08;0,81;7;79,11;29,7;2,95;0,117;0,01263872;100,7971;2,854
"225";2021;9;"Phlppn";"2021/9";22,565;46,054;268,294;78,151;70,67;760;2,25;0,0226427028524672;3,14;1,25;87,02;16,93;67,93;0,76;6,95;35,22;59,03;5,51;0;0,00117924;101,155;2,411
"226";2021;10;"Shangh";"2021/10";20,588;83,449;248,729;71,113;66,84;357;1,01;0,0174853850347703;5,87;2,82;70,58;35,42;72,33;0,87;6,97;51,39;65,83;3,09;0,16;0,00148822;100,4648;2,188
"227";2021;10;"Peking";"2021/10";6,598;87,127;57,806;82,343;29,3;1648;1,56;0,0532231347288152;3,32;1,76;84,2;21,5;14,68;0,98;7,37;42,6;83,77;4,71;0;-0,00098072;100,1409;2,511
"228";2021;10;"Japan";"2021/10";5,976;40,326;93,326;67,19;46,54;1791;0,23;0,0317186238218623;5,95;1,73;84,88;32,3;223,43;0,89;6;72,61;47,12;9,21;0,038;0,00064127;101,5853;2,61
"229";2021;10;"Skorea";"2021/10";7,564;43,938;119,604;73,236;51,45;68;2,92;0,0331033088746556;2,64;5,93;51,21;55,98;59,84;0,74;6,59;81,6;30,73;2,81;0;0,01268543;100,8749;2,624
"230";2021;10;"Phlppn";"2021/10";22,791;87,222;197,71;76,516;70,42;625;3,14;0,0221144331913606;2,99;1,36;88,57;18,09;69,02;0,74;7,12;36,37;57,28;5,31;0,037;0,00117112;101,0574;2,466
"231";2021;11;"Shangh";"2021/11";11,528;100,156;156,194;75,854;52,74;316;1,34;0,0179910562147231;5,92;2,92;70,62;37,09;64,6;0,94;6,45;52;65,37;3,17;0,201;0,00155347;100,1321;2,39
"232";2021;11;"Peking";"2021/11";1,86;62,752;32,325;78,88;28,96;1854;1,67;0,0503674586519725;3,6;2;83,57;22,25;13,38;0,96;6,6;42,46;84,04;4,26;0,111;-0,00096842;100,0997;2,616
"233";2021;11;"Japan";"2021/11";4,642;37,058;44,956;80,997;48,16;1829;0,28;0,0316881483443854;6,8;1,81;85,11;31,93;242,52;0,93;7,2;73,18;45,69;8,87;0,15;0,00066416;101,502;2,593
"234";2021;11;"Skorea";"2021/11";4,405;55,944;48,264;83,251;51,28;54;3,34;0,0370633128182153;2,39;6,09;50,57;54,72;60,5;0,74;6,18;80,96;30,81;3,18;0,001;0,01270946;100,9971;2,683
"235";2021;11;"Phlppn";"2021/11";14,028;77,473;197,088;73,094;85,38;649;2,02;0,0229580472297714;3,3;1,49;88,35;17,79;73,85;0,66;6,34;37;57;6,02;0,046;0,00112886;101,0511;2,543
"236";2021;12;"Shangh";"2021/12";11,594;120,135;133,469;78,629;61,71;340;0,91;0,0176251264771899;6,8;3,2;70,24;35,39;64,67;0,98;5,83;50,94;65,62;3,03;0,179;0,00154705;100,0607;2,434
"237";2021;12;"Peking";"2021/12";-0,304;78,956;9,73;79,002;30,37;2081;1,68;0,0537582633162595;3,43;2,19;82,57;23,07;13,84;0,92;7,43;43,02;85,62;4,68;0,057;-0,0009579;100,2118;2,555
"238";2021;12;"Japan";"2021/12";1,278;55,283;37,681;90,418;39,16;1677;0,26;0,0324479721076859;6,38;1,72;83,59;32,14;239,06;0,97;5,21;73,12;45,56;9,37;0;0,00071473;101,3615;2,567
"239";2021;12;"Skorea";"2021/12";-3,587;43,073;33,362;83,162;44,27;66;2,46;0,0348036698207772;2,51;6,08;49,43;54,92;52,48;0,78;7,2;81,03;30,02;3,5;0,112;0,01275114;101,1638;2,778
"240";2021;12;"Phlppn";"2021/12";15,362;90,163;157,546;76,081;64,87;705;2,72;0,021282264283954;3;1,6;87,06;17,54;63,27;0,68;6,3;34,53;57,23;5,72;0;0,00109066;101,1753;2,453
"241";2022;1;"Shangh";"2022/1";8,695;100,91;145,452;84,098;56,22;327;1,42;0,0183314718863987;6,7;3,23;68,55;36,38;64,8;0,91;6,78;50,24;66,03;2,75;0,339;0,00153545;100,0406;2,47
"242";2022;1;"Peking";"2022/1";-1,46;77,515;23,15;74,275;31,03;2014;1,9;0,0531644277240939;3,61;1,93;83,71;23,48;12,55;0,98;7,25;45,25;84,45;4,36;0,094;-0,00095365;100,1414;2,548
"243";2022;1;"Japan";"2022/1";2,43;45,167;43,143;82,041;47,56;2154;0,22;0,03323897579984;6,8;1,67;85,12;31,7;202,54;0,95;6,77;75,17;45,23;9,35;0,06;0,00067003;101,1924;2,557
"244";2022;1;"Skorea";"2022/1";-3,839;37,176;43,375;85,021;48,97;62;2,58;0,0335945991155248;2,15;6,22;48,86;56,56;57,17;0,69;7,13;81,82;28,39;3,93;0,065;0,01269384;101,3232;2,705
"245";2022;1;"Phlppn";"2022/1";12,006;102,708;192,556;78,644;69,47;627;2,59;0,0209479558674715;2,99;1,25;86,96;18,05;68,7;0,68;7,13;34,91;56,44;5,5;0,028;0,00101553;101,054;2,602
"246";2022;2;"Shangh";"2022/2";13,714;102,324;154,385;83,014;58,16;329;0,91;0,0184030495434374;6,1;2,96;66,49;35,29;63,55;0,86;6,3;49,34;67,23;3,53;0,376;0,00148875;100,206;2,457
"247";2022;2;"Peking";"2022/2";1,229;62,243;64,645;70,24;29,77;1845;1,51;0,0571852961889301;3,96;1,94;84,16;25,54;14;0,98;7,53;45,03;85,45;4,3;0,337;-0,00097982;100,3363;2,608
"248";2022;2;"Japan";"2022/2";2,355;38,533;69,681;84,92;42,45;1825;0,23;0,0293587006780372;5,78;2,15;85,24;29,41;208,42;0,93;6,6;76,05;45,18;9,33;0,105;0,00063604;101,2434;2,519
"249";2022;2;"Skorea";"2022/2";-6,386;32,741;61,754;84,995;45,17;67;3,12;0,0316802218840148;2,21;6,26;46,83;57,3;61;0,9;5,42;83,36;28,51;3,7;0;0,01271602;101,3189;2,595
"250";2022;2;"Phlppn";"2022/2";17,103;61,798;174,626;75,031;70,01;602;2,57;0,0219597250979225;2,73;1,53;88,04;17,81;69,39;0,72;6,4;35,93;57,11;5,74;0,066;0,00103812;100,9584;2,61
"251";2022;3;"Shangh";"2022/3";15,513;54,985;202,097;73,754;63,67;320;1,23;0,0172297570235941;6,8;2,84;67,06;35,86;67,94;0,87;7,02;50,27;66,66;3,8;0,182;0,00149767;100,047;2,567
"252";2022;3;"Peking";"2022/3";-2,558;55,827;122,379;73,715;26,24;2093;1,69;0,0543575954996501;3,25;1,75;85,61;25,63;14,08;0,98;7,77;44,19;85,47;4,62;0,326;-0,00098293;100,3558;2,601
"253";2022;3;"Japan";"2022/3";6,421;41,602;111,96;68,054;49,99;1787;0,24;0,0283601817087841;6,12;2,11;86,63;29,75;232,69;0,89;6,36;76,01;45,29;9,22;0,195;0,00061363;101,2362;2,584
"254";2022;3;"Skorea";"2022/3";1,675;44,123;110,413;76,344;54,32;63;3,12;0,0344413931801837;2,24;6,3;47,56;57,82;52,78;0,71;6,23;83,04;27,03;3,86;0,158;0,01265763;101,1994;2,598
"255";2022;3;"Phlppn";"2022/3";11,131;46,304;228,799;76,522;61,67;641;2,03;0,0208825530384828;3,06;1,49;88,22;17,02;60,17;0,68;6,96;36,15;57,82;5,8;0,094;0,0010461;100,8087;2,606
"256";2022;4;"Shangh";"2022/4";16,411;59,059;215,524;70,353;52,37;337;1,11;0,0178754705771408;6,29;3,08;66,29;34,07;66,33;0,88;5,84;49,5;65,12;3,71;0,229;0,00148166;100,072;2,738
"257";2022;4;"Peking";"2022/4";-0,754;38,44;155,793;71,106;30,94;2146;1,8;0,052459657638996;3,79;1,91;85,02;26,44;14,95;0,97;7,03;43,65;87,16;5,41;0,025;-0,00098332;100,5798;2,726
"258";2022;4;"Japan";"2022/4";11,284;34,286;157,499;59,575;36,34;1928;0,26;0,0301051423207134;4,8;2,38;88,08;29,91;237,16;0,98;6,02;77,01;44,65;8,85;0,004;0,00060217;101,299;2,672
"259";2022;4;"Skorea";"2022/4";7,542;35,248;156,809;67,925;56,25;59;3,05;0,0326749700116654;2,1;6,21;48,33;56,94;54,09;0,82;6,71;82,64;27,01;4,02;0,161;0,01260842;101,1228;2,495
"260";2022;4;"Phlppn";"2022/4";17,145;21,752;234,408;66,602;71,02;671;2,77;0,0225039125089583;3,24;1,62;88,37;17,26;64,8;0,73;6,51;35,48;58,73;5,57;0,19;0,0010477;100,8925;2,491
"261";2022;5;"Shangh";"2022/5";15,946;64,234;288,095;64,179;52,83;298;1,37;0,0167000132266248;6,8;3,31;66,21;36,75;64,88;0,9;6,54;50,03;66,31;3,48;0,132;0,0014505;100,1092;2,716
"262";2022;5;"Peking";"2022/5";8,788;49,034;203,595;71,312;32,67;2245;1,54;0,0497146277757016;4,08;1,98;84,4;26;13,76;0,94;7,64;44,89;87,42;5,36;0,268;-0,00106023;100,6469;2,488
"263";2022;5;"Japan";"2022/5";21,103;61,165;230,499;60,851;39,66;1709;0,19;0,0338029839887782;6,28;2,68;88,59;30,47;226,74;0,86;6,44;77,48;43,93;9,07;0,081;0,00057551;101,2709;2,512
"264";2022;5;"Skorea";"2022/5";14,413;58,322;273,818;59,662;59,95;61;2,42;0,0356892075321104;2,1;6;49,61;56,56;54,47;0,74;6,55;81,46;27,56;4,01;0,028;0,0126914;101,1992;2,507
"265";2022;5;"Phlppn";"2022/5";18,255;6,958;292,623;79,324;62,57;721;2,18;0,0219518559100621;2,82;1,94;88,8;17,34;66,89;0,78;6,52;35,2;59,03;5;0;0,00112936;100,9126;2,424
"266";2022;6;"Shangh";"2022/6";22,838;16,471;311,237;54,757;64,18;296;1,36;0,0180948126751108;5,76;3,42;65,94;36,58;63,05;0,86;6,7;50,28;66,14;3,69;0,275;0,00155461;100,2044;2,449
"267";2022;6;"Peking";"2022/6";11,534;80,776;147,231;72,259;26,22;2062;1,96;0,053021122304061;3,14;2,23;83,9;26,58;14,44;0,98;6,98;44,6;87,65;5,13;0,261;-0,00116062;100,6245;2,629
"268";2022;6;"Japan";"2022/6";18,416;82,003;206,171;55,41;51,13;1722;0,22;0,0308853812873482;6,72;2,37;88,92;30,64;203,75;0,98;6,5;76,47;42,91;8,72;0,18;0,00061969;101,1947;2,593
"269";2022;6;"Skorea";"2022/6";19,565;82,994;294,157;66,918;51,14;67;3,12;0,0340845576973842;2,59;5,96;48,57;55,24;55,17;0,75;7,14;81;26,51;4,08;0,021;0,01277123;101,3025;2,571
"270";2022;6;"Phlppn";"2022/6";22,383;2,942;333,779;67,126;61,81;649;2,72;0,0225457131558948;3,41;2,46;89,19;17,06;75,51;0,7;6,35;33,78;58,17;5,23;0,29;0,00109389;100,9036;2,412
"271";2022;7;"Shangh";"2022/7";22,472;3,977;342,7;51,907;57,6;371;1,35;0,016507039209201;6,07;3,79;66,68;35,79;61,23;0,83;6,06;51,04;65,19;3,94;0,299;0,001619;100,0913;2,382
"272";2022;7;"Peking";"2022/7";15,302;100,168;189,588;70,72;21,45;2062;1,8;0,0573259284364118;3,12;2,08;84,02;26,82;14,24;0,98;7,46;45,69;88,34;4,77;0,182;-0,00117261;100,5241;2,567
"273";2022;7;"Japan";"2022/7";18,808;51,82;197,449;56,767;45,72;1743;0,22;0,0291734386501365;5,92;2,24;88,29;30,94;200,34;0,89;6,94;77,58;41,24;9,28;0,123;0,00064655;101,0366;2,438
"274";2022;7;"Skorea";"2022/7";19,874;73,578;299,865;59,916;46,47;68;3,51;0,0363013264884552;2,49;5,91;48,34;55,1;64,19;0,82;6,66;79,48;25,46;3,87;0;0,01278587;101,2123;2,585
"275";2022;7;"Phlppn";"2022/7";26,735;0;377,507;63,278;61,05;679;2,59;0,0239206132052802;2,91;2,25;88,38;17,22;69,52;0,72;6,45;32,78;57,32;5,49;0,135;0,00107243;100,9224;2,263
"276";2022;8;"Shangh";"2022/8";23,977;6,144;365,39;55,203;54,14;340;1,33;0,0171644687442062;6,4;3,67;66,54;34,41;72,91;0,84;7,05;50,98;64,75;3,84;0,113;0,00159606;100,0935;2,37
"277";2022;8;"Peking";"2022/8";11,838;90,752;185,081;76,538;32,84;2051;1,66;0,0525785280986365;4,01;2,31;85,75;26,19;16,27;0,98;6,87;45,65;88,74;5,23;0;-0,00112834;100,4461;2,49
"278";2022;8;"Japan";"2022/8";20,169;48,065;221,926;57,59;47,52;1963;0,23;0,029111236169335;6,8;2,22;89,22;30,85;205,08;0,96;6,55;77,58;40,05;8,94;0,092;0,0005976;100,9978;2,419
"279";2022;8;"Skorea";"2022/8";20,434;54,933;261,011;71,111;63,12;67;3,44;0,0322407470451063;2,29;5,84;49,28;55,01;59,8;0,82;6,64;80,46;26,55;3,54;0,005;0,01271042;101,2899;2,482
"280";2022;8;"Phlppn";"2022/8";28,765;7,952;350,783;74,904;76,84;716;2,58;0,0230765195123138;3,28;2,2;88,45;15,67;70,58;0,76;6,88;32,23;58,47;6,07;0,024;0,00108789;100,9566;2,426
"281";2022;9;"Shangh";"2022/9";20,386;31,42;254,989;56,698;63,42;285;1,38;0,0180820521363294;6,37;3,64;67,58;34,55;64,66;0,84;6,69;50,17;65,39;4,01;0,16;0,00159174;100,0592;2,447
"282";2022;9;"Peking";"2022/9";10,407;87,727;115,604;87,666;27,27;2161;1,65;0,0571552303642569;3,68;2,48;84,93;24,53;11,85;0,97;7,72;45,58;87,13;5,29;0,166;-0,00111498;100,4625;2,496
"283";2022;9;"Japan";"2022/9";12,843;48,602;149,774;69,101;41,34;1783;0,2;0,0294485648126713;6,8;2,17;90,03;30,89;223,19;0,96;6,98;78,18;41,55;8,93;0;0,00060793;101,0144;2,359
"284";2022;9;"Skorea";"2022/9";14,156;55,396;186,909;74,442;43,89;72;3,1;0,0342292410000967;2,52;5,8;49,65;54,85;52,65;0,77;7,27;80,51;28,37;4,39;0,135;0,01274615;101,3214;2,303
"285";2022;9;"Phlppn";"2022/9";25,339;38,677;243,76;71,486;85,05;710;3,09;0,019966141490169;3,12;2,02;89,49;14,93;66,99;0,73;6,46;32,42;58,62;6,26;0;0,00109705;100,9605;2,47
"286";2022;10;"Shangh";"2022/10";20,411;73,307;247,839;68,456;55,69;359;1,62;0,0180204636288772;6,03;3,82;67,92;35,05;65,76;0,92;6,93;49,34;64,38;4,46;0,201;0,00172151;100,0633;2,472
"287";2022;10;"Peking";"2022/10";7,882;79,882;59,292;89,227;29,46;1841;1,68;0,0563785724539007;3,7;2,61;85,35;23,51;13,11;0,98;6,94;45,46;87,37;5,29;0;-0,00107564;100,489;2,432
"288";2022;10;"Japan";"2022/10";10,59;40,599;101,947;73,835;47,02;1676;0,17;0,0281943059110818;6,05;2,19;90,51;30,04;236,75;0,92;6,6;76,05;38,99;9,5;0,233;0,00060477;100,9297;2,453
"289";2022;10;"Skorea";"2022/10";9,175;40,357;116,67;74,127;60,89;54;3,08;0,0313967551175046;2,51;5,9;50,42;55,32;54,72;0,71;6,41;81,5;27,35;4,85;0,103;0,012692;101,3343;2,367
"290";2022;10;"Phlppn";"2022/10";18,88;88,105;223,161;82,718;56,21;617;2,61;0,0239352942133279;3,08;2,1;87,43;15,95;77,38;0,64;6,33;32,75;58,21;5,85;0,188;0,00111678;100,969;2,698
"291";2022;11;"Shangh";"2022/11";13,042;120,672;154,127;82,347;66,62;371;1,14;0,016747542577787;6,8;3,74;66,75;33,62;63,17;0,88;6,48;48,71;63,56;4,03;0,171;0,00172638;99,97;2,408
"292";2022;11;"Peking";"2022/11";1,931;84,808;31,534;79,285;27,72;1994;1,59;0,0569189457175822;3,64;2,98;84,85;22,8;14,94;0,98;5,87;45,43;86,5;5,18;0,12;-0,0010916;100,463;2,361
"293";2022;11;"Japan";"2022/11";4,8;44,692;56,208;82,502;36,34;1585;0,28;0,0306539484209538;5,99;2,01;89,85;31,02;237,48;0,84;4,96;78,32;38,58;9,5;0,029;0,00061041;101,1196;2,337
"294";2022;11;"Skorea";"2022/11";3,4;58,043;43,187;83,951;43,84;76;2,88;0,033507720550541;2,19;5,79;51,65;55,68;59,6;0,81;6,64;82,32;28,53;4,47;0;0,01268655;101,2434;2,363
"295";2022;11;"Phlppn";"2022/11";17,483;70,293;187,435;74,146;68,54;694;2,83;0,0236548652994426;2,86;2,18;87,96;14,93;69,27;0,64;6,39;34,08;58,73;6,18;0,092;0,0011441;100,984;2,895
"296";2022;12;"Shangh";"2022/12";14,531;132,046;150,112;83,178;55,93;332;1,46;0,0186181254869339;5,89;3,72;66,95;32,74;65,93;0,82;6,09;48,71;64,64;3,71;0,265;0,00176111;99,8584;2,411
"297";2022;12;"Peking";"2022/12";-4,609;85,046;9,078;76,224;25,72;2082;1,55;0,0541627448520116;3,75;2,76;83,67;21,65;14,73;0,9;6,85;44,75;86,8;4,98;0;-0,00111612;100,4756;2,424
"298";2022;12;"Japan";"2022/12";-0,43;56,669;40,11;91,66;40,24;2011;0,22;0,0318030051678342;5,88;1,86;89,11;30,98;218,17;0,91;6,66;79,41;37,26;9,48;0;0,00065493;101,2532;2,383
"299";2022;12;"Skorea";"2022/12";-3,996;40,496;29,091;84,792;45,88;51;3,65;0,0356629367812516;2,36;5,91;52,07;55,11;51,32;0,78;7,36;82,74;28,83;4,22;0;0,01275565;101,3362;2,538
"300";2022;12;"Phlppn";"2022/12";10,594;148,243;164,228;76,136;71,76;777;3,05;0,0207864828229015;3,44;2,26;88,76;16;61,79;0,72;6,53;33,38;58,76;6,35;0,167;0,00114348;101,029;2,695
"301";2023;1;"Shangh";"2023/1";8,517;80,045;146,395;84,735;45,7;313;1,24;0,0156115379454443;6,8;3,59;68,32;33,74;68,72;0,93;6,3;45,83;64,92;3,59;0,162;0,00182143;99,7901;2,408
"302";2023;1;"Peking";"2023/1";-2,115;74,552;24,958;82,157;30,35;2167;1,74;0,0565157268343068;3,04;2,91;85,62;19,38;13,46;0,8;6,55;45,33;86,59;5,08;0;-0,00106809;100,6267;2,457
"303";2023;1;"Japan";"2023/1";1,91;38,942;51,524;78,891;42,38;1896;0,22;0,0295757502422969;6,51;2,13;89,77;30,38;229,83;0,98;6,03;76,91;39,01;9,5;0,17;0,00067019;101,125;2,501
"304";2023;1;"Skorea";"2023/1";-5,539;35,153;47,917;83,812;52,39;56;2,96;0,0348579084238107;2,18;5,76;52,22;54,52;51,16;0,72;7,51;81,4;30,18;4,38;0;0,01268974;101,3686;2,729
"305";2023;1;"Phlppn";"2023/1";13,212;98,867;172,95;75,798;75,12;712;3,01;0,0232528085487684;2,76;2,23;88,6;16,87;60,91;0,72;6,89;33,52;59,71;6,17;0,198;0,00111349;100,9108;2,622
"306";2023;2;"Shangh";"2023/2";15,033;97,014;151,167;80,181;56,54;280;1,4;0,0165905883936458;5,58;3,47;70,01;33,08;62,49;0,95;6,46;45,76;64,56;3,5;0,344;0,00182947;99,7782;2,569
"307";2023;2;"Peking";"2023/2";0,35;54,196;68,453;72,686;28,23;1867;1,77;0,0499408317307877;3,82;2,81;85,84;17,43;12,86;0,96;7,15;43,58;85,72;5,23;0,2;-0,00105546;100,6834;2,517
"308";2023;2;"Japan";"2023/2";3,258;33,423;76,389;77,467;48,42;1603;0,23;0,032407453178787;6,8;2,05;90,66;30,39;223;0,91;6,22;76,16;39,76;9,3;0,001;0,00074465;101,2693;2,573
"309";2023;2;"Skorea";"2023/2";1,551;38,428;59,224;77,495;53,42;70;3,23;0,0345975853554356;2,88;5,71;52,01;53,58;48,72;0,8;7,04;80,68;29,45;4,39;0,015;0,01266857;101,3928;2,658
"310";2023;2;"Phlppn";"2023/2";13,399;52,259;153,706;81,357;73,65;725;2,54;0,0221931083545322;2,79;2,02;88,69;17,49;74,2;0,68;6,81;32,8;59,02;5,94;0,142;0,00110493;100,9803;2,633
"311";2023;3;"Shangh";"2023/3";15,363;55,349;211,468;68,731;58,77;330;1,56;0,0181424449390459;6,8;3,61;70,46;32,58;66,08;0,91;7,02;46,87;66;4,06;0,142;0,00185702;99,7585;2,536
"312";2023;3;"Peking";"2023/3";2,243;51,364;120,712;80,08;23,87;1982;1,84;0,0526493439065157;3,89;2,73;86,45;17,42;14,63;0,93;7,1;44,78;86,54;5,28;0,011;-0,00104184;100,8238;2,559
"313";2023;3;"Japan";"2023/3";5,118;45,247;128,467;60,056;47,9;1870;0,16;0,0332192239577202;5,62;1,92;91,08;32,21;224,72;0,98;6,36;76,09;40,78;9,05;0,107;0,00076659;101,3981;2,584
"314";2023;3;"Skorea";"2023/3";0,333;38,041;119,329;75,164;56,51;59;3,22;0,0321789951506653;2,34;5,25;53,23;50,9;57,01;0,73;7,65;80,68;29,71;4,16;0,154;0,01264416;101,303;2,807
"315";2023;3;"Phlppn";"2023/3";13,699;41,239;251,8;76,58;65,04;725;2,2;0,0204520929792957;3,23;1,89;89,82;16,77;57,97;0,71;6,74;32,81;59,33;5,7;0;0,00101174;101,0698;2,659
"316";2023;4;"Shangh";"2023/4";18,529;58,841;243,386;79,693;54,23;369;1,29;0,0171906281025089;6,59;3,77;72,36;33,45;68,88;0,91;6,3;46,38;65,73;3,98;0,19;0,00184002;99,9001;2,51
"317";2023;4;"Peking";"2023/4";4,824;37,899;156,252;80,177;25,29;2112;1,9;0,0563190712795311;3,65;2,53;85,64;18,27;14,97;0,98;6,8;44,01;87,94;6,06;0,033;-0,00098498;100,7991;2,759
"318";2023;4;"Japan";"2023/4";7,044;36,105;154,25;63,634;42,59;2004;0,25;0,0341511914690285;5,97;1,98;93,1;31,54;239,06;0,87;6,38;76,12;41,96;8,84;0,128;0,00075201;101,5095;2,537
"319";2023;4;"Skorea";"2023/4";9,987;49,528;164,553;66,882;38,56;62;2,75;0,0355881426730629;2,1;5,24;55,5;51,07;57,59;0,79;6,49;80,89;28,73;3,55;0,177;0,01256917;101,2158;2,596
"320";2023;4;"Phlppn";"2023/4";16,759;21,241;260,377;75,33;68,49;662;2,12;0,0218700760213288;3,68;1,57;89,42;16,11;67,03;0,74;6,13;33,06;60,5;5,72;0;0,00114937;100,9079;2,59
"321";2023;5;"Shangh";"2023/5";16,77;56,571;281,545;66,019;72,68;345;1,35;0,016634347694691;6,3;3,41;72,18;33,39;61,52;0,9;5,92;44,34;65,48;4,19;0,121;0,00184539;99,9089;2,489
"322";2023;5;"Peking";"2023/5";7,938;59,171;232,613;74,355;19,55;1825;1,29;0,0591597750599904;3,13;2,73;87,25;18,24;14,08;0,98;6,85;43,36;88,63;6,1;0;-0,00091057;100,7843;2,583
"323";2023;5;"Japan";"2023/5";12,77;51,232;235,252;60,186;37,95;1561;0,19;0,0320248882466564;5,67;1,97;94,84;32,14;207,61;0,88;5,67;75,13;42,62;8,68;0,175;0,000731;101,5358;2,481
"324";2023;5;"Skorea";"2023/5";15,531;65,295;278,662;61,128;42,8;65;3,56;0,0330232351432278;2,41;4,88;55,07;50,94;58,78;0,74;6,39;80,47;28,26;3,39;0,127;0,01263138;101,2487;2,647
"325";2023;5;"Phlppn";"2023/5";20,878;7,1;296,017;72,348;72,67;607;2,66;0,0206330810959635;3,42;1,41;87,12;16,47;73,14;0,76;7,53;32,67;60,65;5,67;0,146;0,00119091;100,8639;2,525
"326";2023;6;"Shangh";"2023/6";18,452;15,663;300,797;57,474;63,53;301;1,54;0,0163701909138366;5,62;3,61;72,81;33,46;65,93;0,9;6,44;43,53;65,1;4,74;0,137;0,00190476;99,797;2,571
"327";2023;6;"Peking";"2023/6";12,008;51,984;198,813;73,641;32,4;1853;1,52;0,0542279715099288;3,55;3,06;87,96;17,4;15,08;0,98;7,12;44,11;89,23;6,01;0;-0,00086902;100,5843;2,544
"328";2023;6;"Japan";"2023/6";17,198;62,067;202,258;63,277;49,42;1460;0,23;0,0328757628886185;6,16;2,09;95,54;32,96;226,23;0,91;6,54;74,24;44,5;8,64;0,105;0,00069095;101,6041;2,462
"329";2023;6;"Skorea";"2023/6";15,098;59,068;309,568;65,241;48,7;72;2,54;0,0349479809774787;2,38;5,06;56,25;52,15;53,9;0,75;7,01;80,19;27,94;3,72;0;0,01267222;101,033;2,639
"330";2023;6;"Phlppn";"2023/6";23,372;2,271;351,217;71,342;71,35;661;2,71;0,0238363300618822;3,09;2,23;88,74;15,5;65,25;0,71;7,21;32,63;61,42;6;0,209;0,00118397;100,9995;2,688
"331";2023;7;"Shangh";"2023/7";23,699;4,894;340,903;53,872;55,67;330;1,53;0,0163805376050705;6,8;3,31;72,82;32,77;69,89;0,83;6,28;41,12;66,18;4,7;0,129;0,00189098;99,9939;2,614
"332";2023;7;"Peking";"2023/7";15,847;95,218;208,694;80,254;27,97;1850;1,43;0,0562883655790434;3,67;2,97;87,16;18,23;13,5;0,97;7,09;43,2;89,26;6,25;0;-0,00089413;100,4455;2,588
"333";2023;7;"Japan";"2023/7";16,992;52,999;210,248;60,911;48,21;1680;0,27;0,0309165908950285;6,55;2,25;94,49;31,7;248,54;0,96;6,15;74;45,24;8,6;0,051;0,00069875;101,7026;2,613
"334";2023;7;"Skorea";"2023/7";22,224;75,145;301,982;64,989;51,2;60;2,78;0,0363000317880852;2,4;5,12;55,3;53,29;54,9;0,78;7,14;80,51;26,95;3,63;0,06;0,01269432;101,0974;2,692
"335";2023;7;"Phlppn";"2023/7";26,814;0;354,796;68,271;67,55;605;2,74;0,0224647483759594;3,23;2,22;88,38;14,3;63,84;0,71;6,43;32,45;61,45;5,93;0,08;0,00122671;101,0633;2,559
"336";2023;8;"Shangh";"2023/8";23,405;6,724;319,222;51,481;71,98;320;1,35;0,0172800910619327;5,5;3,3;70,7;31,38;67,14;0,85;6,93;42,33;64,77;4,48;0,15;0,00191418;100,0073;2,716
"337";2023;8;"Peking";"2023/8";14,28;86,966;185,066;85,102;27,1;2254;1,87;0,0544703996409359;3,63;3,07;88,34;17,33;13,98;0,98;7,48;41,37;88,98;6,15;0;-0,00092308;100,356;2,641
"338";2023;8;"Japan";"2023/8";18,952;67,962;211,591;62,909;43,89;1725;0,26;0,0293412554804271;4,74;2,03;94,3;30,29;205,89;0,92;6,49;74,77;44,41;8,25;0,043;0,00081742;101,7437;2,755
"339";2023;8;"Skorea";"2023/8";17,278;63,31;230,48;69,156;47,22;59;3,24;0,0356190867171798;2,18;5,13;53,81;51,85;56,93;0,79;7,48;82,13;27,51;3,54;0,153;0,01266803;101,1543;2,735
"340";2023;8;"Phlppn";"2023/8";28,193;8,072;331,202;68,974;76,01;616;2,66;0,023380186399112;3,02;2,09;89,47;15,01;66;0,73;6,78;32,2;61,6;5,91;0,04;0,00129178;101,2014;2,616
"341";2023;9;"Shangh";"2023/9";24,984;33,299;276,054;58,398;50,69;316;1,4;0,0149298446901212;6,71;3,04;71,99;31,71;68,8;0,82;7,07;42,38;63,86;4,74;0,147;0,00194351;100,0957;2,857
"342";2023;9;"Peking";"2023/9";9,838;99,051;95,593;84,022;25,57;1930;1,65;0,0559935093077763;3,17;3,46;90,37;18,51;14,4;0,93;6,21;42,66;91,13;6,1;0,315;-0,00091129;100,3741;2,617
"343";2023;9;"Japan";"2023/9";17,839;53,116;154,44;62,089;49,85;1502;0,2;0,0296621085304875;6,8;2,11;92,56;28,07;228,03;0,98;6,08;74,91;42,07;8,57;0,1;0,00084644;101,6347;2,821
"344";2023;9;"Skorea";"2023/9";17,828;50,965;183,538;70,64;54,33;69;3,8;0,0367059437561092;2,32;5,26;53,68;51,2;55,62;0,74;6,97;82,25;28,13;3,55;0,145;0,01264842;101,0658;3
"345";2023;9;"Phlppn";"2023/9";23,071;43,309;250,969;77,358;52,89;618;2,05;0,0201017089834066;3,35;2,35;90,05;14,98;64,67;0,73;6,1;31,43;62,56;5,93;0;0,00122455;101,33;2,436
"346";2023;10;"Shangh";"2023/10";15,152;76,307;234,622;67,905;58,03;316;1,26;0,0155015935070029;6,17;2,81;71,06;32,42;65,1;0,93;7,15;41,42;62,94;4,97;0,179;0,00194972;100,1808;2,697
"347";2023;10;"Peking";"2023/10";3,969;97,074;58,317;87,251;22,47;2133;1,4;0,0598204058592602;3,61;3,65;89,46;17,72;14,32;0,89;7,94;42,32;90,73;6,11;0,047;-0,00098331;100,213;2,654
"348";2023;10;"Japan";"2023/10";9,396;37,978;109,711;74,401;51,17;2067;0,23;0,0325957809233345;6,8;2,61;93,55;28,6;245,86;0,93;6,52;76,03;41,25;8,57;0,236;0,0008413;101,5516;2,739
"349";2023;10;"Skorea";"2023/10";10,093;42,675;135,727;88,623;52,46;75;3,42;0,0346551237857658;2,46;5,54;53,98;52,59;57,4;0,72;6,89;82,66;28,28;3,7;0,093;0,01256168;101,2549;2,801
"350";2023;10;"Phlppn";"2023/10";19,734;91,368;219,46;71,69;64,13;748;3,14;0,0217979972528264;3,34;2,49;90,55;16,08;72,62;0,75;6,54;32,28;62,28;5,9;0,154;0,00109678;101,3489;2,452
"351";2023;11;"Shangh";"2023/11";14,289;98,451;168,208;75,552;49,29;332;1,49;0,01579831691629;6,8;2,9;70,75;32,89;69,42;0,86;6,87;41,94;61,29;5,23;0,123;0,00195301;100,087;2,658
"352";2023;11;"Peking";"2023/11";0,619;75,857;35,546;82,786;27,72;1850;2,12;0,056360461035729;3,54;3,57;89,46;17,54;12,9;0,92;7,02;42,36;90,73;6,22;0,062;-0,00097871;100,2534;2,615
"353";2023;11;"Japan";"2023/11";5,914;36,077;44,446;85,341;49,78;2094;0,23;0,0319745112153926;5,94;2,61;93,36;29,4;227,72;0,85;6,46;76,54;40,77;8,67;0,17;0,0008474;101,6688;2,724
"354";2023;11;"Skorea";"2023/11";1,227;60,927;56,83;78,516;57,31;68;3,64;0,0334424334699222;2,32;5,64;55,4;50,57;57,26;0,74;6,7;81,05;28,57;4,05;0,074;0,0125637;101,1325;2,606
"355";2023;11;"Phlppn";"2023/11";19,487;71,44;196,225;85,488;56,26;695;2,53;0,0217089691158987;3,05;2,71;91,32;15,9;64,82;0,67;6,38;32,11;61,88;6,33;0;0,00119211;101,388;2,504
"356";2023;12;"Shangh";"2023/12";11,125;132,289;138,556;84,214;52,59;272;1,29;0,0171272581273253;6,8;2,8;71,04;32,8;61,63;0,78;7;42,5;60,07;5,63;0,271;0,00200352;100,1236;2,769
"357";2023;12;"Peking";"2023/12";-3,211;83,691;8,196;86,346;35,82;1993;1,4;0,0546567604026774;3,93;3,54;88,53;19,16;13,99;0,93;7,31;44,68;89,34;5,88;0,065;-0,00095527;100,1728;2,555
"358";2023;12;"Japan";"2023/12";-1,167;48,899;41,055;79,238;35,9;1715;0,22;0,0307781398039094;6,8;2,82;94,19;29,1;204,12;0,97;7,22;76,09;40,9;8,34;0;0,00075735;101,572;2,799
"359";2023;12;"Skorea";"2023/12";-2,664;39,534;30,499;84,866;46,16;67;3,42;0,0358041454128295;2,1;5,3;56,21;51,19;51,17;0,76;6,12;81,5;28,02;3,72;0,268;0,01258594;101,3278;2,564
"360";2023;12;"Phlppn";"2023/12";14,605;113,595;184,817;79,286;69,3;657;3,36;0,0225509342573499;3,23;2,9;89,35;15,72;69,08;0,72;6,7;32,78;61,87;6,67;0,27;0,00121929;101,3663;2,613
